Effective date ,S&P 500,change,percentage change,Gain (Binary)
19/03/2018,2712.92,,,
20/03/2018,2716.94,4.02,0.001481798,1
21/03/2018,2711.93,-5.01,-0.001843986,0
22/03/2018,2643.69,-68.24,-0.025162891,0
23/03/2018,2588.26,-55.43,-0.020966906,0
26/03/2018,2658.55,70.29,0.027157241,1
27/03/2018,2612.62,-45.93,-0.017276335,0
28/03/2018,2605,-7.62,-0.002916612,0
29/03/2018,2640.87,35.87,0.013769674,1
02/04/2018,2581.88,-58.99,-0.022337336,0
03/04/2018,2614.45,32.57,0.012614839,1
04/04/2018,2644.69,30.24,0.011566486,1
05/04/2018,2662.84,18.15,0.006862808,1
06/04/2018,2604.47,-58.37,-0.021920205,0
09/04/2018,2613.16,8.69,0.003336571,1
10/04/2018,2656.87,43.71,0.016726875,1
11/04/2018,2642.19,-14.68,-0.005525299,0
12/04/2018,2663.99,21.8,0.008250731,1
13/04/2018,2656.3,-7.69,-0.002886647,0
16/04/2018,2677.84,21.54,0.008109024,1
17/04/2018,2706.39,28.55,0.010661578,1
18/04/2018,2708.64,2.25,0.000831366,1
19/04/2018,2693.13,-15.51,-0.005726121,0
20/04/2018,2670.14,-22.99,-0.008536536,0
23/04/2018,2670.29,0.15,5.61768E-05,1
24/04/2018,2634.56,-35.73,-0.013380569,0
25/04/2018,2639.4,4.84,0.001837119,1
26/04/2018,2666.94,27.54,0.01043419,1
27/04/2018,2669.91,2.97,0.001113636,1
30/04/2018,2648.05,-21.86,-0.008187542,0
01/05/2018,2654.8,6.75,0.002549046,1
02/05/2018,2635.67,-19.13,-0.007205816,0
03/05/2018,2629.73,-5.94,-0.002253696,0
04/05/2018,2663.42,33.69,0.012811201,1
07/05/2018,2672.63,9.21,0.00345796,1
08/05/2018,2671.92,-0.71,-0.000265656,0
09/05/2018,2697.79,25.87,0.009682176,1
10/05/2018,2723.07,25.28,0.009370633,1
11/05/2018,2727.72,4.65,0.001707631,1
14/05/2018,2730.13,2.41,0.000883522,1
15/05/2018,2711.45,-18.68,-0.006842165,0
16/05/2018,2722.46,11.01,0.004060558,1
17/05/2018,2720.13,-2.33,-0.000855844,0
18/05/2018,2712.97,-7.16,-0.002632227,0
21/05/2018,2733.01,20.04,0.007386739,1
22/05/2018,2724.44,-8.57,-0.003135737,0
23/05/2018,2733.29,8.85,0.003248374,1
24/05/2018,2727.76,-5.53,-0.002023203,0
25/05/2018,2721.33,-6.43,-0.002357246,0
29/05/2018,2689.86,-31.47,-0.011564198,0
30/05/2018,2724.01,34.15,0.012695828,1
31/05/2018,2705.27,-18.74,-0.006879564,0
01/06/2018,2734.62,29.35,0.010849194,1
04/06/2018,2746.87,12.25,0.004479599,1
05/06/2018,2748.8,1.93,0.000702618,1
06/06/2018,2772.35,23.55,0.008567375,1
07/06/2018,2770.37,-1.98,-0.000714196,0
08/06/2018,2779.03,8.66,0.003125936,1
11/06/2018,2782,2.97,0.001068718,1
12/06/2018,2786.85,4.85,0.00174335,1
13/06/2018,2775.63,-11.22,-0.004026051,0
14/06/2018,2782.49,6.86,0.002471511,1
15/06/2018,2779.66,-2.83,-0.001017075,0
18/06/2018,2773.75,-5.91,-0.002126159,0
19/06/2018,2762.59,-11.16,-0.004023434,0
20/06/2018,2767.32,4.73,0.001712161,1
21/06/2018,2749.76,-17.56,-0.006345489,0
22/06/2018,2754.88,5.12,0.001861981,1
25/06/2018,2717.07,-37.81,-0.013724736,0
26/06/2018,2723.06,5.99,0.002204581,1
27/06/2018,2699.63,-23.43,-0.008604291,0
28/06/2018,2716.31,16.68,0.006178624,1
29/06/2018,2718.37,2.06,0.000758382,1
02/07/2018,2726.71,8.34,0.003068015,1
03/07/2018,2713.22,-13.49,-0.004947354,0
05/07/2018,2736.61,23.39,0.008620753,1
06/07/2018,2759.82,23.21,0.008481296,1
09/07/2018,2784.17,24.35,0.008823039,1
10/07/2018,2793.84,9.67,0.003473207,1
11/07/2018,2774.02,-19.82,-0.007094179,0
12/07/2018,2798.29,24.27,0.008749036,1
13/07/2018,2801.31,3.02,0.001079231,1
16/07/2018,2798.43,-2.88,-0.00102809,0
17/07/2018,2809.55,11.12,0.003973657,1
18/07/2018,2815.62,6.07,0.002160488,1
19/07/2018,2804.49,-11.13,-0.003952948,0
20/07/2018,2801.83,-2.66,-0.000948479,0
23/07/2018,2806.98,5.15,0.001838084,1
24/07/2018,2820.4,13.42,0.004780939,1
25/07/2018,2846.07,25.67,0.009101546,1
26/07/2018,2837.44,-8.63,-0.003032251,0
27/07/2018,2818.82,-18.62,-0.006562253,0
30/07/2018,2802.6,-16.22,-0.005754181,0
31/07/2018,2816.29,13.69,0.00488475,1
01/08/2018,2813.36,-2.93,-0.001040376,0
02/08/2018,2827.22,13.86,0.004926494,1
03/08/2018,2840.35,13.13,0.004644138,1
06/08/2018,2850.4,10.05,0.003538296,1
07/08/2018,2858.45,8.05,0.002824165,1
08/08/2018,2857.7,-0.75,-0.00026238,0
09/08/2018,2853.58,-4.12,-0.001441719,0
10/08/2018,2833.28,-20.3,-0.007113871,0
13/08/2018,2821.93,-11.35,-0.004005958,0
14/08/2018,2839.96,18.03,0.006389244,1
15/08/2018,2818.37,-21.59,-0.00760222,0
16/08/2018,2840.69,22.32,0.007919471,1
17/08/2018,2850.13,9.44,0.003323136,1
20/08/2018,2857.05,6.92,0.002427959,1
21/08/2018,2862.96,5.91,0.002068567,1
22/08/2018,2861.82,-1.14,-0.000398189,0
23/08/2018,2856.98,-4.84,-0.001691231,0
24/08/2018,2874.69,17.71,0.006198853,1
27/08/2018,2896.74,22.05,0.007670392,1
28/08/2018,2897.52,0.78,0.000269268,1
29/08/2018,2914.04,16.52,0.005701427,1
30/08/2018,2901.13,-12.91,-0.004430275,0
31/08/2018,2901.52,0.39,0.00013443,1
04/09/2018,2896.72,-4.8,-0.001654305,0
05/09/2018,2888.6,-8.12,-0.00280317,0
06/09/2018,2878.05,-10.55,-0.003652288,0
07/09/2018,2871.68,-6.37,-0.002213304,0
10/09/2018,2877.13,5.45,0.001897844,1
11/09/2018,2887.89,10.76,0.003739838,1
12/09/2018,2888.92,1.03,0.000356662,1
13/09/2018,2904.18,15.26,0.005282251,1
14/09/2018,2904.98,0.8,0.000275465,1
17/09/2018,2888.8,-16.18,-0.005569746,0
18/09/2018,2904.31,15.51,0.005369011,1
19/09/2018,2907.95,3.64,0.00125331,1
20/09/2018,2930.75,22.8,0.007840575,1
21/09/2018,2929.67,-1.08,-0.000368506,0
24/09/2018,2919.37,-10.3,-0.003515754,0
25/09/2018,2915.56,-3.81,-0.001305076,0
26/09/2018,2905.97,-9.59,-0.003289248,0
27/09/2018,2914,8.03,0.002763277,1
28/09/2018,2913.98,-0.02,-6.86342E-06,0
01/10/2018,2924.59,10.61,0.003641068,1
02/10/2018,2923.43,-1.16,-0.000396637,0
03/10/2018,2925.51,2.08,0.000711493,1
04/10/2018,2901.61,-23.9,-0.008169516,0
05/10/2018,2885.57,-16.04,-0.005527966,0
08/10/2018,2884.43,-1.14,-0.000395069,0
09/10/2018,2880.34,-4.09,-0.001417958,0
10/10/2018,2785.68,-94.66,-0.032864176,0
11/10/2018,2728.37,-57.31,-0.020573074,0
12/10/2018,2767.13,38.76,0.014206284,1
15/10/2018,2750.79,-16.34,-0.005905035,0
16/10/2018,2809.92,59.13,0.021495643,1
17/10/2018,2809.21,-0.71,-0.000252676,0
18/10/2018,2768.78,-40.43,-0.014391946,0
19/10/2018,2767.78,-1,-0.00036117,0
22/10/2018,2755.88,-11.9,-0.004299475,0
23/10/2018,2740.69,-15.19,-0.005511851,0
24/10/2018,2656.1,-84.59,-0.03086449,0
25/10/2018,2705.57,49.47,0.018625052,1
26/10/2018,2658.69,-46.88,-0.017327218,0
29/10/2018,2641.25,-17.44,-0.006559621,0
30/10/2018,2682.63,41.38,0.015666824,1
31/10/2018,2711.74,29.11,0.010851291,1
01/11/2018,2740.37,28.63,0.010557797,1
02/11/2018,2723.06,-17.31,-0.006316665,0
05/11/2018,2738.31,15.25,0.005600317,1
06/11/2018,2755.45,17.14,0.006259335,1
07/11/2018,2813.89,58.44,0.021208877,1
08/11/2018,2806.83,-7.06,-0.002508982,0
09/11/2018,2781.01,-25.82,-0.00919899,0
12/11/2018,2726.22,-54.79,-0.019701475,0
13/11/2018,2722.18,-4.04,-0.001481905,0
14/11/2018,2701.58,-20.6,-0.007567464,0
15/11/2018,2730.2,28.62,0.010593801,1
16/11/2018,2736.27,6.07,0.00222328,1
19/11/2018,2690.73,-45.54,-0.016643094,0
20/11/2018,2641.89,-48.84,-0.018151208,0
21/11/2018,2649.93,8.04,0.003043276,1
23/11/2018,2632.56,-17.37,-0.00655489,0
26/11/2018,2673.45,40.89,0.01553241,1
27/11/2018,2682.17,8.72,0.003261703,1
28/11/2018,2743.79,61.62,0.022973935,1
29/11/2018,2737.76,-6.03,-0.00219769,0
30/11/2018,2760.17,22.41,0.008185524,1
03/12/2018,2790.37,30.2,0.010941355,1
04/12/2018,2700.06,-90.31,-0.032364884,0
06/12/2018,2695.95,-4.11,-0.001522188,0
07/12/2018,2633.08,-62.87,-0.023320165,0
10/12/2018,2637.72,4.64,0.001762195,1
11/12/2018,2636.78,-0.94,-0.000356368,0
12/12/2018,2651.07,14.29,0.005419489,1
13/12/2018,2650.54,-0.53,-0.000199919,0
14/12/2018,2599.95,-50.59,-0.019086677,0
17/12/2018,2545.94,-54.01,-0.020773476,0
18/12/2018,2546.16,0.22,8.64121E-05,1
19/12/2018,2506.96,-39.2,-0.015395733,0
20/12/2018,2467.42,-39.54,-0.015772091,0
21/12/2018,2416.62,-50.8,-0.020588307,0
24/12/2018,2351.1,-65.52,-0.027112248,0
26/12/2018,2467.7,116.6,0.049593807,1
27/12/2018,2488.83,21.13,0.008562629,1
28/12/2018,2485.74,-3.09,-0.001241547,0
31/12/2018,2506.85,21.11,0.008492441,1
02/01/2019,2510.03,3.18,0.001268524,1
03/01/2019,2447.89,-62.14,-0.024756676,0
04/01/2019,2531.94,84.05,0.034335693,1
07/01/2019,2549.69,17.75,0.007010435,1
08/01/2019,2574.41,24.72,0.009695296,1
09/01/2019,2584.96,10.55,0.004098026,1
10/01/2019,2596.64,11.68,0.004518445,1
11/01/2019,2596.26,-0.38,-0.000146343,0
14/01/2019,2582.61,-13.65,-0.005257563,0
15/01/2019,2610.3,27.69,0.010721712,1
16/01/2019,2616.1,5.8,0.002221967,1
17/01/2019,2635.96,19.86,0.007591453,1
18/01/2019,2670.71,34.75,0.013183053,1
22/01/2019,2632.9,-37.81,-0.014157284,0
23/01/2019,2638.7,5.8,0.002202894,1
24/01/2019,2642.33,3.63,0.001375677,1
25/01/2019,2664.76,22.43,0.00848872,1
28/01/2019,2643.85,-20.91,-0.007846861,0
29/01/2019,2640,-3.85,-0.00145621,0
30/01/2019,2681.05,41.05,0.015549242,1
31/01/2019,2704.1,23.05,0.008597378,1
01/02/2019,2706.53,2.43,0.000898635,1
04/02/2019,2724.87,18.34,0.006776204,1
05/02/2019,2737.7,12.83,0.004708482,1
06/02/2019,2731.61,-6.09,-0.002224495,0
07/02/2019,2706.05,-25.56,-0.009357119,0
08/02/2019,2707.88,1.83,0.000676262,1
11/02/2019,2709.8,1.92,0.000709042,1
12/02/2019,2744.73,34.93,0.01289025,1
13/02/2019,2753.03,8.3,0.003023977,1
14/02/2019,2745.73,-7.3,-0.002651624,0
15/02/2019,2775.6,29.87,0.01087871,1
19/02/2019,2779.76,4.16,0.001498775,1
20/02/2019,2784.7,4.94,0.001777132,1
21/02/2019,2774.88,-9.82,-0.003526412,0
22/02/2019,2792.67,17.79,0.006411088,1
25/02/2019,2796.11,3.44,0.001231796,1
26/02/2019,2793.9,-2.21,-0.000790384,0
27/02/2019,2792.38,-1.52,-0.000544042,0
28/02/2019,2784.49,-7.89,-0.002825547,0
01/03/2019,2803.69,19.2,0.006895338,1
04/03/2019,2792.81,-10.88,-0.0038806,0
05/03/2019,2789.65,-3.16,-0.001131477,0
06/03/2019,2771.45,-18.2,-0.006524116,0
07/03/2019,2748.93,-22.52,-0.00812571,0
08/03/2019,2743.07,-5.86,-0.002131739,0
11/03/2019,2783.3,40.23,0.014666049,1
12/03/2019,2791.52,8.22,0.002953329,1
13/03/2019,2810.92,19.4,0.006949619,1
14/03/2019,2808.48,-2.44,-0.000868043,0
15/03/2019,2822.48,14,0.004984903,1
18/03/2019,2832.94,10.46,0.003705961,1
19/03/2019,2832.57,-0.37,-0.000130606,0
20/03/2019,2824.23,-8.34,-0.002944323,0
21/03/2019,2854.88,30.65,0.010852516,1
22/03/2019,2800.71,-54.17,-0.018974528,0
25/03/2019,2798.36,-2.35,-0.000839073,0
26/03/2019,2818.46,20.1,0.007182778,1
27/03/2019,2805.37,-13.09,-0.00464438,0
28/03/2019,2815.44,10.07,0.003589544,1
29/03/2019,2834.4,18.96,0.006734294,1
01/04/2019,2867.19,32.79,0.011568586,1
02/04/2019,2867.24,0.05,1.74387E-05,1
03/04/2019,2873.4,6.16,0.002148408,1
04/04/2019,2879.39,5.99,0.002084638,1
05/04/2019,2892.74,13.35,0.004636399,1
08/04/2019,2895.77,3.03,0.00104745,1
09/04/2019,2878.2,-17.57,-0.006067471,0
10/04/2019,2888.21,10.01,0.003477868,1
11/04/2019,2888.32,0.11,3.80859E-05,1
12/04/2019,2907.41,19.09,0.006609378,1
15/04/2019,2905.58,-1.83,-0.000629426,0
16/04/2019,2907.06,1.48,0.000509365,1
17/04/2019,2900.45,-6.61,-0.002273775,0
18/04/2019,2905.03,4.58,0.001579065,1
22/04/2019,2907.97,2.94,0.001012038,1
23/04/2019,2933.68,25.71,0.008841219,1
24/04/2019,2927.25,-6.43,-0.002191786,0
25/04/2019,2926.17,-1.08,-0.000368947,0
26/04/2019,2939.88,13.71,0.004685305,1
29/04/2019,2943.03,3.15,0.001071472,1
30/04/2019,2945.83,2.8,0.0009514,1
01/05/2019,2923.73,-22.1,-0.00750213,0
02/05/2019,2917.52,-6.21,-0.002123999,0
03/05/2019,2945.64,28.12,0.009638323,1
06/05/2019,2932.47,-13.17,-0.004471015,0
07/05/2019,2884.05,-48.42,-0.016511678,0
08/05/2019,2879.42,-4.63,-0.001605381,0
09/05/2019,2870.72,-8.7,-0.003021442,0
10/05/2019,2881.4,10.68,0.003720321,1
13/05/2019,2811.87,-69.53,-0.024130631,0
14/05/2019,2834.41,22.54,0.008016018,1
15/05/2019,2850.96,16.55,0.005838958,1
16/05/2019,2876.32,25.36,0.008895249,1
17/05/2019,2859.53,-16.79,-0.00583732,0
20/05/2019,2840.23,-19.3,-0.006749361,0
21/05/2019,2864.36,24.13,0.008495791,1
22/05/2019,2856.27,-8.09,-0.002824366,0
23/05/2019,2822.24,-34.03,-0.01191414,0
24/05/2019,2826.06,3.82,0.001353535,1
28/05/2019,2802.39,-23.67,-0.008375618,0
29/05/2019,2783.02,-19.37,-0.006911957,0
30/05/2019,2788.86,5.84,0.00209844,1
31/05/2019,2752.06,-36.8,-0.013195356,0
03/06/2019,2744.45,-7.61,-0.002765201,0
04/06/2019,2803.27,58.82,0.021432345,1
05/06/2019,2826.15,22.88,0.008161897,1
06/06/2019,2843.49,17.34,0.006135555,1
07/06/2019,2873.34,29.85,0.010497663,1
10/06/2019,2886.73,13.39,0.004660082,1
11/06/2019,2885.72,-1.01,-0.000349877,0
12/06/2019,2879.84,-5.88,-0.00203762,0
13/06/2019,2891.64,11.8,0.00409745,1
14/06/2019,2886.98,-4.66,-0.001611542,0
17/06/2019,2889.67,2.69,0.00093177,1
18/06/2019,2917.75,28.08,0.009717373,1
19/06/2019,2926.46,8.71,0.002985177,1
20/06/2019,2954.18,27.72,0.009472195,1
21/06/2019,2950.46,-3.72,-0.001259233,0
24/06/2019,2945.35,-5.11,-0.001731933,0
25/06/2019,2917.38,-27.97,-0.009496325,0
26/06/2019,2913.78,-3.6,-0.001233984,0
27/06/2019,2924.92,11.14,0.003823212,1
28/06/2019,2941.76,16.84,0.005757422,1
01/07/2019,2964.33,22.57,0.007672278,1
02/07/2019,2973.01,8.68,0.002928149,1
03/07/2019,2995.82,22.81,0.007672359,1
05/07/2019,2990.41,-5.41,-0.001805849,0
08/07/2019,2975.95,-14.46,-0.004835457,0
09/07/2019,2979.63,3.68,0.00123658,1
10/07/2019,2993.07,13.44,0.004510627,1
11/07/2019,2999.91,6.84,0.002285279,1
12/07/2019,3013.77,13.86,0.004620139,1
15/07/2019,3014.3,0.53,0.000175859,1
16/07/2019,3004.04,-10.26,-0.003403775,0
17/07/2019,2984.42,-19.62,-0.006531205,0
18/07/2019,2995.11,10.69,0.003581936,1
19/07/2019,2976.61,-18.5,-0.006176735,0
22/07/2019,2985.03,8.42,0.002828721,1
23/07/2019,3005.47,20.44,0.006847502,1
24/07/2019,3019.56,14.09,0.004688119,1
25/07/2019,3003.67,-15.89,-0.005262356,0
26/07/2019,3025.86,22.19,0.007387629,1
29/07/2019,3020.97,-4.89,-0.001616069,0
30/07/2019,3013.18,-7.79,-0.002578642,0
31/07/2019,2980.38,-32.8,-0.01088551,0
01/08/2019,2953.56,-26.82,-0.008998852,0
02/08/2019,2932.05,-21.51,-0.007282737,0
05/08/2019,2844.74,-87.31,-0.029777801,0
06/08/2019,2881.77,37.03,0.013017007,1
07/08/2019,2883.98,2.21,0.00076689,1
08/08/2019,2938.09,54.11,0.018762266,1
09/08/2019,2918.65,-19.44,-0.006616543,0
12/08/2019,2883.75,-34.9,-0.011957583,0
13/08/2019,2926.32,42.57,0.014762029,1
14/08/2019,2840.6,-85.72,-0.029292764,0
15/08/2019,2847.6,7,0.002464268,1
16/08/2019,2888.68,41.08,0.014426183,1
19/08/2019,2923.65,34.97,0.012105875,1
20/08/2019,2900.51,-23.14,-0.007914764,0
21/08/2019,2924.43,23.92,0.008246826,1
22/08/2019,2922.95,-1.48,-0.000506082,0
23/08/2019,2847.11,-75.84,-0.02594639,0
26/08/2019,2878.38,31.27,0.010983067,1
27/08/2019,2869.16,-9.22,-0.003203191,0
28/08/2019,2887.94,18.78,0.00654547,1
29/08/2019,2924.58,36.64,0.012687244,1
30/08/2019,2926.46,1.88,0.000642827,1
03/09/2019,2906.27,-20.19,-0.00689912,0
04/09/2019,2937.78,31.51,0.010842076,1
05/09/2019,2976,38.22,0.013009824,1
06/09/2019,2978.71,2.71,0.000910618,1
09/09/2019,2978.43,-0.28,-9.40004E-05,0
10/09/2019,2979.39,0.96,0.000322317,1
11/09/2019,3000.93,21.54,0.007229668,1
12/09/2019,3009.57,8.64,0.002879107,1
13/09/2019,3007.39,-2.18,-0.000724356,0
16/09/2019,2997.96,-9.43,-0.003135609,0
17/09/2019,3005.7,7.74,0.002581756,1
18/09/2019,3006.73,1.03,0.000342682,1
19/09/2019,3006.79,0.06,1.99552E-05,1
20/09/2019,2992.07,-14.72,-0.004895586,0
23/09/2019,2991.78,-0.29,-9.69229E-05,0
24/09/2019,2966.6,-25.18,-0.008416394,0
25/09/2019,2984.87,18.27,0.006158565,1
26/09/2019,2977.62,-7.25,-0.002428917,0
27/09/2019,2961.79,-15.83,-0.005316326,0
30/09/2019,2976.74,14.95,0.005047623,1
01/10/2019,2940.25,-36.49,-0.012258377,0
02/10/2019,2887.61,-52.64,-0.01790324,0
03/10/2019,2910.63,23.02,0.007971991,1
04/10/2019,2952.01,41.38,0.014216853,1
07/10/2019,2938.79,-13.22,-0.004478305,0
08/10/2019,2893.06,-45.73,-0.015560826,0
09/10/2019,2919.4,26.34,0.009104547,1
10/10/2019,2938.13,18.73,0.006415702,1
11/10/2019,2970.27,32.14,0.010938931,1
14/10/2019,2966.15,-4.12,-0.001387079,0
15/10/2019,2995.68,29.53,0.009955666,1
16/10/2019,2989.69,-5.99,-0.001999546,0
17/10/2019,2997.95,8.26,0.002762828,1
18/10/2019,2986.2,-11.75,-0.003919345,0
21/10/2019,3006.72,20.52,0.006871609,1
22/10/2019,2995.99,-10.73,-0.003568673,0
23/10/2019,3004.52,8.53,0.002847139,1
24/10/2019,3010.29,5.77,0.00192044,1
25/10/2019,3022.55,12.26,0.004072697,1
28/10/2019,3039.42,16.87,0.00558138,1
29/10/2019,3036.89,-2.53,-0.000832396,0
30/10/2019,3046.77,9.88,0.003253328,1
31/10/2019,3037.56,-9.21,-0.003022873,0
01/11/2019,3066.91,29.35,0.009662361,1
04/11/2019,3078.27,11.36,0.003704054,1
05/11/2019,3074.62,-3.65,-0.001185731,0
06/11/2019,3076.78,2.16,0.000702526,1
07/11/2019,3085.18,8.4,0.002730127,1
08/11/2019,3093.08,7.9,0.002560629,1
11/11/2019,3087.01,-6.07,-0.001962445,0
12/11/2019,3091.84,4.83,0.001564621,1
13/11/2019,3094.04,2.2,0.00071155,1
14/11/2019,3096.63,2.59,0.000837093,1
15/11/2019,3120.46,23.83,0.007695462,1
18/11/2019,3122.03,1.57,0.000503131,1
19/11/2019,3120.18,-1.85,-0.000592563,0
20/11/2019,3108.46,-11.72,-0.003756194,0
21/11/2019,3103.54,-4.92,-0.001582777,0
22/11/2019,3110.29,6.75,0.002174936,1
25/11/2019,3133.64,23.35,0.007507339,1
26/11/2019,3140.52,6.88,0.00219553,1
27/11/2019,3153.63,13.11,0.004174468,1
29/11/2019,3140.98,-12.65,-0.004011251,0
02/12/2019,3113.87,-27.11,-0.008631064,0
03/12/2019,3093.2,-20.67,-0.006638042,0
04/12/2019,3112.76,19.56,0.006323548,1
05/12/2019,3117.43,4.67,0.001500276,1
06/12/2019,3145.91,28.48,0.00913573,1
09/12/2019,3135.96,-9.95,-0.003162837,0
10/12/2019,3132.52,-3.44,-0.001096953,0
11/12/2019,3141.63,9.11,0.002908202,1
12/12/2019,3168.57,26.94,0.008575166,1
13/12/2019,3168.8,0.23,7.25879E-05,1
16/12/2019,3191.45,22.65,0.007147816,1
17/12/2019,3192.52,1.07,0.000335271,1
18/12/2019,3191.14,-1.38,-0.00043226,0
19/12/2019,3205.37,14.23,0.004459221,1
20/12/2019,3221.22,15.85,0.004944827,1
23/12/2019,3224.01,2.79,0.000866131,1
24/12/2019,3223.38,-0.63,-0.000195409,0
26/12/2019,3239.91,16.53,0.005128157,1
27/12/2019,3240.02,0.11,3.39516E-05,1
30/12/2019,3221.29,-18.73,-0.005780829,0
31/12/2019,3230.78,9.49,0.002946025,1
02/01/2020,3257.85,27.07,0.008378782,1
03/01/2020,3234.85,-23,-0.007059871,0
06/01/2020,3246.28,11.43,0.003533394,1
07/01/2020,3237.18,-9.1,-0.002803209,0
08/01/2020,3253.05,15.87,0.004902415,1
09/01/2020,3274.7,21.65,0.006655293,1
10/01/2020,3265.35,-9.35,-0.002855223,0
13/01/2020,3288.13,22.78,0.006976281,1
14/01/2020,3283.15,-4.98,-0.001514539,0
15/01/2020,3289.29,6.14,0.001870155,1
16/01/2020,3316.81,27.52,0.008366547,1
17/01/2020,3329.62,12.81,0.003862145,1
21/01/2020,3320.79,-8.83,-0.002651954,0
22/01/2020,3321.75,0.96,0.000289088,1
23/01/2020,3325.54,3.79,0.001140965,1
24/01/2020,3295.47,-30.07,-0.009042141,0
27/01/2020,3243.63,-51.84,-0.015730685,0
28/01/2020,3276.24,32.61,0.010053551,1
29/01/2020,3273.4,-2.84,-0.000866847,0
30/01/2020,3283.66,10.26,0.003134356,1
31/01/2020,3225.52,-58.14,-0.017705853,0
03/02/2020,3248.92,23.4,0.007254644,1
04/02/2020,3297.59,48.67,0.014980363,1
05/02/2020,3334.69,37.1,0.011250641,1
06/02/2020,3345.78,11.09,0.003325646,1
07/02/2020,3327.71,-18.07,-0.005400833,0
10/02/2020,3352.09,24.38,0.00732636,1
11/02/2020,3357.75,5.66,0.001688499,1
12/02/2020,3379.45,21.7,0.006462661,1
13/02/2020,3373.94,-5.51,-0.001630443,0
14/02/2020,3380.16,6.22,0.001843542,1
18/02/2020,3370.29,-9.87,-0.00291998,0
19/02/2020,3386.15,15.86,0.004705827,1
20/02/2020,3373.23,-12.92,-0.003815543,0
21/02/2020,3337.75,-35.48,-0.010518109,0
24/02/2020,3225.89,-111.86,-0.033513594,0
25/02/2020,3128.21,-97.68,-0.030280016,0
26/02/2020,3116.39,-11.82,-0.003778519,0
27/02/2020,2978.76,-137.63,-0.044163279,0
28/02/2020,2954.22,-24.54,-0.008238327,0
02/03/2020,3090.23,136.01,0.046039225,1
03/03/2020,3003.37,-86.86,-0.02810794,0
04/03/2020,3130.12,126.75,0.042202592,1
05/03/2020,3023.94,-106.18,-0.033922022,0
06/03/2020,2972.37,-51.57,-0.01705391,0
09/03/2020,2746.56,-225.81,-0.075969681,0
10/03/2020,2882.23,135.67,0.049396336,1
11/03/2020,2741.38,-140.85,-0.048868411,0
12/03/2020,2480.64,-260.74,-0.09511268,0
13/03/2020,2711.02,230.38,0.092871195,1
16/03/2020,2386.13,-324.89,-0.119840503,0
17/03/2020,2529.19,143.06,0.059954822,1
18/03/2020,2398.1,-131.09,-0.051830823,0
19/03/2020,2409.39,11.29,0.004707894,1
20/03/2020,2304.92,-104.47,-0.043359523,0
23/03/2020,2237.4,-67.52,-0.029293858,0
24/03/2020,2447.33,209.93,0.093827657,1
25/03/2020,2475.56,28.23,0.01153502,1
26/03/2020,2630.07,154.51,0.062414161,1
27/03/2020,2541.47,-88.6,-0.033687316,0
30/03/2020,2626.65,85.18,0.033516036,1
31/03/2020,2584.59,-42.06,-0.016012792,0
01/04/2020,2470.5,-114.09,-0.044142398,0
02/04/2020,2526.9,56.4,0.022829387,1
03/04/2020,2488.65,-38.25,-0.015137125,0
06/04/2020,2663.68,175.03,0.070331304,1
07/04/2020,2659.41,-4.27,-0.001603045,0
08/04/2020,2749.98,90.57,0.034056426,1
09/04/2020,2789.82,39.84,0.014487378,1
13/04/2020,2761.63,-28.19,-0.010104595,0
14/04/2020,2846.06,84.43,0.030572524,1
15/04/2020,2783.36,-62.7,-0.022030456,0
16/04/2020,2799.55,16.19,0.005816711,1
17/04/2020,2874.56,75.01,0.026793592,1
20/04/2020,2823.16,-51.4,-0.017880997,0
21/04/2020,2736.56,-86.6,-0.030674847,0
22/04/2020,2799.31,62.75,0.022930248,1
23/04/2020,2797.8,-1.51,-0.000539419,0
24/04/2020,2836.74,38.94,0.013918078,1
27/04/2020,2878.48,41.74,0.014714073,1
28/04/2020,2863.39,-15.09,-0.00524235,0
29/04/2020,2939.51,76.12,0.026583874,1
30/04/2020,2912.43,-27.08,-0.00921242,0
01/05/2020,2830.71,-81.72,-0.028059043,0
04/05/2020,2842.74,12.03,0.004249817,1
05/05/2020,2868.44,25.7,0.009040574,1
06/05/2020,2848.42,-20.02,-0.006979403,0
07/05/2020,2881.19,32.77,0.011504624,1
08/05/2020,2929.8,48.61,0.016871501,1
11/05/2020,2930.32,0.52,0.000177487,1
12/05/2020,2870.12,-60.2,-0.020543831,0
13/05/2020,2820,-50.12,-0.017462684,0
14/05/2020,2852.5,32.5,0.011524823,1
15/05/2020,2863.7,11.2,0.00392638,1
18/05/2020,2953.91,90.21,0.031501205,1
19/05/2020,2922.94,-30.97,-0.010484409,0
20/05/2020,2971.61,48.67,0.016651043,1
21/05/2020,2948.51,-23.1,-0.007773564,0
22/05/2020,2955.45,6.94,0.002353731,1
26/05/2020,2991.77,36.32,0.012289161,1
27/05/2020,3036.13,44.36,0.014827343,1
28/05/2020,3029.73,-6.4,-0.002107947,0
29/05/2020,3044.31,14.58,0.00481231,1
01/06/2020,3055.73,11.42,0.003751261,1
02/06/2020,3080.82,25.09,0.008210804,1
03/06/2020,3122.87,42.05,0.013648964,1
04/06/2020,3112.35,-10.52,-0.003368696,0
05/06/2020,3193.93,81.58,0.026211705,1
08/06/2020,3232.39,38.46,0.012041591,1
09/06/2020,3207.18,-25.21,-0.007799183,0
10/06/2020,3190.14,-17.04,-0.005313079,0
11/06/2020,3002.1,-188.04,-0.058944122,0
12/06/2020,3041.31,39.21,0.013060857,1
15/06/2020,3066.59,25.28,0.008312208,1
16/06/2020,3124.74,58.15,0.018962431,1
17/06/2020,3113.49,-11.25,-0.0036003,0
18/06/2020,3115.34,1.85,0.000594189,1
19/06/2020,3097.74,-17.6,-0.005649464,0
22/06/2020,3117.86,20.12,0.006495058,1
23/06/2020,3131.29,13.43,0.004307442,1
24/06/2020,3050.33,-80.96,-0.025855159,0
25/06/2020,3083.76,33.43,0.01095947,1
26/06/2020,3009.05,-74.71,-0.024226918,0
29/06/2020,3053.24,44.19,0.014685698,1
30/06/2020,3100.29,47.05,0.01540986,1
01/07/2020,3115.86,15.57,0.005022111,1
02/07/2020,3130.01,14.15,0.004541282,1
06/07/2020,3179.72,49.71,0.015881738,1
07/07/2020,3145.32,-34.4,-0.010818563,0
08/07/2020,3169.94,24.62,0.007827502,1
09/07/2020,3152.05,-17.89,-0.00564364,0
10/07/2020,3185.04,32.99,0.010466205,1
13/07/2020,3155.22,-29.82,-0.00936252,0
14/07/2020,3197.52,42.3,0.013406355,1
15/07/2020,3226.56,29.04,0.009082039,1
16/07/2020,3215.57,-10.99,-0.003406104,0
17/07/2020,3224.73,9.16,0.00284864,1
20/07/2020,3251.84,27.11,0.008406905,1
21/07/2020,3257.3,5.46,0.001679049,1
22/07/2020,3276.02,18.72,0.005747091,1
23/07/2020,3235.66,-40.36,-0.012319827,0
24/07/2020,3215.63,-20.03,-0.006190391,0
27/07/2020,3239.41,23.78,0.007395129,1
28/07/2020,3218.44,-20.97,-0.006473401,0
29/07/2020,3258.44,40,0.012428381,1
30/07/2020,3246.22,-12.22,-0.003750261,0
31/07/2020,3271.12,24.9,0.00767046,1
03/08/2020,3294.61,23.49,0.007181027,1
04/08/2020,3306.51,11.9,0.00361196,1
05/08/2020,3327.77,21.26,0.00642974,1
06/08/2020,3349.16,21.39,0.006427728,1
07/08/2020,3351.28,2.12,0.000632995,1
10/08/2020,3360.47,9.19,0.002742236,1
11/08/2020,3333.69,-26.78,-0.007969123,0
12/08/2020,3380.35,46.66,0.013996502,1
13/08/2020,3373.43,-6.92,-0.002047125,0
14/08/2020,3372.85,-0.58,-0.000171932,0
17/08/2020,3381.99,9.14,0.002709874,1
18/08/2020,3389.78,7.79,0.002303378,1
19/08/2020,3374.85,-14.93,-0.004404416,0
20/08/2020,3385.51,10.66,0.003158659,1
21/08/2020,3397.16,11.65,0.003441136,1
24/08/2020,3431.28,34.12,0.010043684,1
25/08/2020,3443.62,12.34,0.003596326,1
26/08/2020,3478.73,35.11,0.010195666,1
27/08/2020,3484.55,5.82,0.001673024,1
28/08/2020,3508.01,23.46,0.006732577,1
31/08/2020,3500.31,-7.7,-0.002194977,0
01/09/2020,3526.65,26.34,0.007525048,1
02/09/2020,3580.84,54.19,0.015365857,1
03/09/2020,3455.06,-125.78,-0.035125836,0
04/09/2020,3426.96,-28.1,-0.008132999,0
08/09/2020,3331.84,-95.12,-0.027756379,0
09/09/2020,3398.96,67.12,0.020145025,1
10/09/2020,3339.19,-59.77,-0.017584791,0
11/09/2020,3340.97,1.78,0.000533063,1
14/09/2020,3383.54,42.57,0.012741809,1
15/09/2020,3401.2,17.66,0.005219386,1
16/09/2020,3385.49,-15.71,-0.004618958,0
17/09/2020,3357.01,-28.48,-0.008412372,0
18/09/2020,3319.47,-37.54,-0.01118257,0
21/09/2020,3281.06,-38.41,-0.011571124,0
22/09/2020,3315.57,34.51,0.010517942,1
23/09/2020,3236.92,-78.65,-0.023721411,0
24/09/2020,3246.59,9.67,0.002987408,1
25/09/2020,3298.46,51.87,0.015976763,1
28/09/2020,3351.6,53.14,0.016110549,1
29/09/2020,3335.47,-16.13,-0.004812627,0
30/09/2020,3363,27.53,0.008253709,1
01/10/2020,3380.8,17.8,0.005292893,1
02/10/2020,3348.44,-32.36,-0.009571699,0
05/10/2020,3408.63,60.19,0.017975535,1
06/10/2020,3360.95,-47.68,-0.013988025,0
07/10/2020,3419.45,58.5,0.017405793,1
08/10/2020,3446.83,27.38,0.008007136,1
09/10/2020,3477.13,30.3,0.008790686,1
12/10/2020,3534.22,57.09,0.016418713,1
13/10/2020,3511.93,-22.29,-0.006306908,0
14/10/2020,3488.67,-23.26,-0.006623139,0
15/10/2020,3483.34,-5.33,-0.001527803,0
16/10/2020,3483.81,0.47,0.000134928,1
19/10/2020,3426.92,-56.89,-0.016329823,0
20/10/2020,3443.12,16.2,0.004727277,1
21/10/2020,3435.56,-7.56,-0.002195683,0
22/10/2020,3453.49,17.93,0.005218945,1
23/10/2020,3465.39,11.9,0.00344579,1
26/10/2020,3400.97,-64.42,-0.018589538,0
27/10/2020,3390.68,-10.29,-0.003025607,0
28/10/2020,3271.03,-119.65,-0.035287907,0
29/10/2020,3310.11,39.08,0.011947307,1
30/10/2020,3269.96,-40.15,-0.012129506,0
02/11/2020,3310.24,40.28,0.012318193,1
03/11/2020,3369.16,58.92,0.017799314,1
04/11/2020,3443.44,74.28,0.022047038,1
05/11/2020,3510.45,67.01,0.019460191,1
06/11/2020,3509.44,-1.01,-0.000287712,0
09/11/2020,3550.5,41.06,0.011699872,1
10/11/2020,3545.53,-4.97,-0.001399803,0
11/11/2020,3572.66,27.13,0.007651888,1
12/11/2020,3537.01,-35.65,-0.009978559,0
13/11/2020,3585.15,48.14,0.013610366,1
16/11/2020,3626.91,41.76,0.011648048,1
17/11/2020,3609.53,-17.38,-0.004791958,0
18/11/2020,3567.79,-41.74,-0.011563832,0
19/11/2020,3581.87,14.08,0.003946421,1
20/11/2020,3557.54,-24.33,-0.006792541,0
23/11/2020,3577.59,20.05,0.005635917,1
24/11/2020,3635.41,57.82,0.016161718,1
25/11/2020,3629.65,-5.76,-0.001584416,0
27/11/2020,3638.35,8.7,0.002396925,1
30/11/2020,3621.63,-16.72,-0.00459549,0
01/12/2020,3662.45,40.82,0.011271168,1
02/12/2020,3669.01,6.56,0.001791151,1
03/12/2020,3666.72,-2.29,-0.000624147,0
04/12/2020,3699.12,32.4,0.008836235,1
07/12/2020,3691.96,-7.16,-0.001935595,0
08/12/2020,3702.25,10.29,0.002787137,1
09/12/2020,3672.82,-29.43,-0.00794922,0
10/12/2020,3668.1,-4.72,-0.001285116,0
11/12/2020,3663.46,-4.64,-0.00126496,0
14/12/2020,3647.49,-15.97,-0.004359267,0
15/12/2020,3694.62,47.13,0.012921214,1
16/12/2020,3701.17,6.55,0.001772848,1
17/12/2020,3722.48,21.31,0.005757639,1
18/12/2020,3709.41,-13.07,-0.0035111,0
21/12/2020,3694.92,-14.49,-0.003906282,0
22/12/2020,3687.26,-7.66,-0.002073117,0
23/12/2020,3690.01,2.75,0.000745811,1
24/12/2020,3703.06,13.05,0.003536576,1
28/12/2020,3735.36,32.3,0.008722516,1
29/12/2020,3727.04,-8.32,-0.002227362,0
30/12/2020,3732.04,5,0.001341547,1
31/12/2020,3756.07,24.03,0.006438838,1
04/01/2021,3700.65,-55.42,-0.014754784,0
05/01/2021,3726.86,26.21,0.00708254,1
06/01/2021,3748.14,21.28,0.005709901,1
07/01/2021,3803.79,55.65,0.014847364,1
08/01/2021,3824.68,20.89,0.005491891,1
11/01/2021,3799.61,-25.07,-0.006554797,0
12/01/2021,3801.19,1.58,0.000415832,1
13/01/2021,3809.84,8.65,0.002275603,1
14/01/2021,3795.54,-14.3,-0.003753438,0
15/01/2021,3768.25,-27.29,-0.007190018,0
19/01/2021,3798.91,30.66,0.008136403,1
20/01/2021,3851.85,52.94,0.013935576,1
21/01/2021,3853.07,1.22,0.000316731,1
22/01/2021,3841.47,-11.6,-0.003010586,0
25/01/2021,3855.36,13.89,0.003615803,1
26/01/2021,3849.62,-5.74,-0.001488836,0
27/01/2021,3750.77,-98.85,-0.025677859,0
28/01/2021,3787.38,36.61,0.009760662,1
29/01/2021,3714.24,-73.14,-0.019311503,0
01/02/2021,3773.86,59.62,0.016051736,1
02/02/2021,3826.31,52.45,0.013898237,1
03/02/2021,3830.17,3.86,0.001008805,1
04/02/2021,3871.74,41.57,0.010853304,1
05/02/2021,3886.83,15.09,0.003897472,1
08/02/2021,3915.59,28.76,0.007399346,1
09/02/2021,3911.23,-4.36,-0.001113498,0
10/02/2021,3909.88,-1.35,-0.00034516,0
11/02/2021,3916.38,6.5,0.001662455,1
12/02/2021,3934.83,18.45,0.004710983,1
16/02/2021,3932.59,-2.24,-0.000569275,0
17/02/2021,3931.33,-1.26,-0.0003204,0
18/02/2021,3913.97,-17.36,-0.004415808,0
19/02/2021,3906.71,-7.26,-0.001854894,0
22/02/2021,3876.5,-30.21,-0.007732849,0
23/02/2021,3881.37,4.87,0.001256288,1
24/02/2021,3925.43,44.06,0.011351662,1
25/02/2021,3829.34,-96.09,-0.024478847,0
26/02/2021,3811.15,-18.19,-0.004750166,0
01/03/2021,3901.82,90.67,0.023790719,1
02/03/2021,3870.29,-31.53,-0.008080844,0
03/03/2021,3819.72,-50.57,-0.013066204,0
04/03/2021,3768.47,-51.25,-0.013417214,0
05/03/2021,3841.94,73.47,0.019495976,1
08/03/2021,3821.35,-20.59,-0.005359272,0
09/03/2021,3875.44,54.09,0.014154684,1
10/03/2021,3898.81,23.37,0.006030283,1
11/03/2021,3939.34,40.53,0.01039548,1
12/03/2021,3943.34,4,0.001015399,1
15/03/2021,3968.94,25.6,0.006491959,1
16/03/2021,3962.71,-6.23,-0.001569689,0
17/03/2021,3974.12,11.41,0.002879343,1
,,,,
,,,,
,,,,
"Source: S&P Dow Jones Indices LLC.

The launch date of the S&P 500 was March 4, 1957.

All information presented prior to the index launch date is back-tested. Back-tested performance is not actual performance, but is hypothetical. The back-test calculations are based on the same methodology that was in effect when the index was officially launched. Past performance is not an indication or guarantee of future results.  Please see the Performance Disclosure at http://www.spindices.com/regulatory-affairs-disclaimers/ for more information regarding the inherent limitations associated with back-tested performance.

Copyright © 2021 S&P Dow Jones Indices LLC. All rights reserved. Redistribution or reproduction in whole or in part are prohibited without written permission. STANDARD & POOR’S and S&P are registered trademarks of Standard & Poor’s Financial Services LLC (“S&P”); DOW JONES is a registered trademark of Dow Jones Trademark Holdings LLC (“Dow Jones”); and these trademarks have been licensed for use by S&P Dow Jones Indices LLC. S&P Dow Jones Indices LLC, Dow Jones, S&P and their respective affiliates (“S&P Dow Jones Indices”) and third party licensors makes no representation or warranty, express or implied, as to the ability of any index to accurately represent the asset class or market sector that it purports to represent and S&P Dow Jones Indices and its third party licensors shall have no liability for any errors, omissions, or interruptions of any index or the data included therein. Past performance of an index is not an indication or guarantee of future results. This document does not constitute an offer of any services. Except for certain custom index calculation services, all information provided by S&P Dow Jones Indices is general in nature and not tailored to the needs of any person, entity or group of persons. S&P Dow Jones Indices receives compensation in connection with licensing its indices to third parties and providing custom calculation services. It is not possible to invest directly in an index. Exposure to an asset class represented by an index may be available through investable instruments offered by third parties that are based on that index. S&P Dow Jones Indices does not sponsor, endorse, sell, promote or manage any investment fund or other investment product or vehicle that seeks to provide an investment return based on the performance of any Index. S&P Dow Jones Indices LLC is not an investment or tax advisor. S&P Dow Jones Indices makes no representation regarding the advisability of investing in any such investment fund or other investment product or vehicle. A tax advisor should be consulted to evaluate the impact of any tax-exempt securities on portfolios and the tax consequences of making any particular investment decision. Credit-related information and other analyses, including ratings, are generally provided by licensors and/or affiliates of S&P Dow Jones Indices. Any credit-related information and other related analyses and statements are opinions as of the date they are expressed and are not statements of fact. S&P Dow Jones Indices LLC is analytically separate and independent from any other analytical department. For more information on any of our indices please visit www.spdji.com.",,,,
